month,mean_occupied_beds,mean_free_beds,mean_occupancy_pct,mean_nurses_min_per_shift,mean_nurses_max_per_shift,mean_patients_per_min_required_nurse,mean_evs_cleaning_hours_per_day,mean_occupied_clean_hours_per_day,mean_discharge_clean_hours_per_day,synthetic_appointments_in_month,mean_synthetic_appointments_per_day,free_beds_yoy_change_pct,evs_hours_yoy_change_pct
2017-01-01,654.5483870967741,250.4516129032258,72.32578862947781,175.74193548387098,271.258064516129,3.7252495461030977,454.09967741935486,342.7204301075269,111.37997311827958,4472,144.25806451612902,,
2017-02-01,659.8928571428571,245.10714285714286,72.91633780584057,180.0,280.7857142857143,3.66730952399588,458.05249999999995,346.5178571428571,111.5350119047619,4017,143.46428571428572,,
2017-03-01,650.3870967741935,254.61290322580646,71.86597754410978,176.32258064516128,273.741935483871,3.6891827383393756,451.0567741935484,340.81720430107526,110.23809139784947,4326,139.5483870967742,,
2017-04-01,643.7,261.3,71.12707182320442,172.56666666666666,266.6,3.7303695763821825,442.06233333333336,337.48333333333335,104.57901666666667,4047,134.9,,
2017-05-01,611.4516129032259,293.5483870967742,67.56371413295312,162.06451612903226,248.7741935483871,3.773559122691707,408.90774193548384,320.0537634408602,88.85350000000001,3475,112.09677419354838,,
2017-06-01,628.5,276.5,69.4475138121547,164.8,251.2,3.81481603890988,421.31566666666663,328.0,93.31574999999997,3631,121.03333333333333,,
2017-07-01,609.1290322580645,295.8709677419355,67.30707538763144,164.09677419354838,254.0,3.713070714404014,419.84967741935486,319.2204301075269,100.62904838709677,3991,128.74193548387098,,
2017-08-01,613.6451612903226,291.35483870967744,67.80609517020139,163.51612903225808,251.67741935483872,3.7534621533476082,421.1732258064516,320.40322580645164,100.77056451612906,4020,129.67741935483872,,
2017-09-01,613.8666666666667,291.1333333333333,67.8305709023941,166.53333333333333,259.06666666666666,3.686673822347645,428.42833333333334,320.68888888888887,107.73858333333334,4180,139.33333333333334,,
2017-10-01,626.3225806451613,278.6774193548387,69.2069149884156,168.5483870967742,260.2903225806452,3.716572035757875,433.9683870967742,327.51075268817203,106.45712903225804,4230,136.4516129032258,,
2017-11-01,615.5666666666667,289.43333333333334,68.0184162062615,165.2,255.13333333333333,3.7265640728699756,428.87666666666667,322.01666666666665,106.86109444444445,4111,137.03333333333333,,
2017-12-01,601.5483870967741,303.4516129032258,66.46943503831758,162.16129032258064,251.19354838709677,3.7102830536692193,420.8677419354839,314.2204301075269,106.64665053763443,4293,138.48387096774192,,
2018-01-01,668.8064516129032,236.19354838709677,73.9012653715915,180.90322580645162,280.7741935483871,3.6973832651729217,463.11290322580646,350.10215053763443,113.01058064516128,4575,147.58064516129033,-5.692941782586292,1.9848562451472596
2018-02-01,672.7142857142857,232.28571428571428,74.33307024467244,179.96428571428572,277.39285714285717,3.73809931627191,463.2732142857143,351.57738095238096,111.69547619047619,4031,143.96428571428572,-5.230948564767601,1.1397632991227757
2018-03-01,651.7741935483871,253.2258064516129,72.01924790589912,175.74193548387098,272.1290322580645,3.7090689448995144,446.5964516129032,342.0483870967742,104.54819892473115,4064,131.09677419354838,-0.5447865197010127,-0.9888605682998319
2018-04-01,631.4,273.6,69.76795580110497,168.06666666666666,258.3666666666667,3.7571225697211403,432.7816666666667,330.28333333333336,102.49846666666667,3987,132.9,4.707233065442029,-2.099402271323725
2018-05-01,605.2258064516129,299.7741935483871,66.87577971841027,162.70967741935485,251.67741935483872,3.7197123360558373,413.90258064516127,317.0483870967742,96.854,3808,122.83870967741936,2.1208791208791045,1.2215074936061
2018-06-01,598.8,306.2,66.1657458563536,159.0,244.73333333333332,3.766732561648107,400.349,313.7611111111111,86.58794999999999,3344,111.46666666666667,10.74141048824593,-4.9764744882498935
2018-07-01,609.483870967742,295.51612903225805,67.34628408483336,163.6451612903226,253.06451612903226,3.7254346178164,420.0845161290323,318.8279569892473,101.25668279569892,4026,129.8709677419355,-0.11993022241605367,0.05593399788250686
2018-08-01,599.8387096774194,305.16129032258067,66.28052040634468,161.48387096774192,249.67741935483872,3.715250422535464,411.98322580645157,314.1774193548387,97.80690322580645,3921,126.48387096774194,4.73870682019486,-2.182000050550048
2018-09-01,607.0,298.0,67.07182320441989,165.5,257.53333333333336,3.667998009346386,428.4816666666667,318.3277777777778,110.15348333333334,4242,141.4,2.358598580261062,0.012448600893977257
2018-10-01,618.5806451612904,286.4193548387097,68.35145250400998,169.09677419354838,264.06451612903226,3.6592967205125775,432.7174193548387,324.8763440860215,107.8404677419355,4305,138.8709677419355,2.7780993170505974,-0.2882624124546096
2018-11-01,634.8666666666667,270.1333333333333,70.15101289134438,171.46666666666667,266.26666666666665,3.703427564958586,441.384,332.71666666666664,108.6668388888889,4183,139.43333333333334,-6.668202234250842,2.916300723595744
2018-12-01,617.0322580645161,287.96774193548384,68.18036000712885,168.38709677419354,262.7096774193548,3.6642030580717644,430.6932258064516,323.81182795698925,106.88164516129032,4268,137.67741935483872,-5.102583182736264,2.3345775624860954
2019-01-01,662.258064516129,242.74193548387098,73.17768668686509,181.38709677419354,283.9032258064516,3.6523494089070967,460.83354838709676,347.752688172043,113.07963440860213,4515,145.6451612903226,2.7724665391969383,-0.49218124194616575
2019-02-01,671.9285714285714,233.07142857142858,74.24625098658248,183.07142857142858,286.0,3.6703348312275286,466.2064285714286,352.625,113.58149999999999,4086,145.92857142857142,0.3382533825338374,0.6331499847745059
2019-03-01,664.7096774193549,240.29032258064515,73.44858314026021,181.29032258064515,283.06451612903226,3.6665832660106283,460.9596774193548,349.27419354838713,111.68533870967741,4435,143.06451612903226,-5.108280254777076,3.2161531410691113
2019-04-01,643.0333333333333,261.96666666666664,71.05340699815838,172.83333333333334,267.73333333333335,3.7211611989185673,439.01266666666663,336.53333333333336,102.47922222222222,3927,130.9,-4.251949317738813,1.4397559970577678
2019-05-01,629.0322580645161,275.96774193548384,69.50632685795757,166.93548387096774,256.93548387096774,3.7688286667567077,421.1916129032258,329.1182795698925,92.07249999999998,3629,117.06451612903226,-7.941461314968256,1.761050208168058
2019-06-01,629.4666666666667,275.53333333333336,69.55432780847146,167.76666666666668,258.3666666666667,3.753674498893744,426.406,329.2611111111111,97.14471666666665,3747,124.9,-10.01524058349661,6.508571271565566
2019-07-01,617.3225806451613,287.6774193548387,68.21243985029407,165.4516129032258,255.29032258064515,3.7315499068767983,422.9293548387097,322.73655913978496,100.19306451612901,3967,127.96774193548387,-2.6525488483789883,0.6772062764635711
2019-08-01,631.0322580645161,273.96774193548384,69.72732133309572,167.74193548387098,258.0,3.7631563350807617,426.01774193548385,330.0376344086022,95.98013978494622,3878,125.09677419354838,-10.221987315010583,3.406574649140115
2019-09-01,631.5666666666667,273.43333333333334,69.78637200736648,170.0,262.8,3.7152706938692743,438.62,330.0,108.61955555555558,4182,139.4,-8.243847874720355,2.3661066790099827
2019-10-01,632.5806451612904,272.4193548387097,69.89841382997683,170.6451612903226,264.51612903225805,3.7067162775996803,438.3370967741936,331.3763440860215,106.96120967741938,4250,137.09677419354838,-4.887937830836808,1.2986945216426848
2019-11-01,633.8,271.2,70.03314917127072,173.06666666666666,270.3,3.6629241413920814,443.2556666666667,332.4611111111111,110.79433333333334,4276,142.53333333333333,0.39486673247779436,0.42404497368881966
2019-12-01,644.6774193548387,260.3225806451613,71.23507396186062,176.25806451612902,275.2903225806452,3.657674735896531,449.41645161290324,338.5,110.91717204301078,4440,143.2258064516129,-9.600089615772367,4.34723015933054
2020-01-01,681.1935483870968,223.80645161290323,75.27000534664053,178.5483870967742,272.0,3.8153656558359206,461.6851612903226,355.5053763440861,106.17886559139785,4119,132.8709677419355,-7.800664451827243,0.18479837377431974
2020-02-01,663.1034482758621,241.89655172413794,73.27109925700132,176.3793103448276,271.48275862068965,3.7593986690569356,448.1655172413793,347.60919540229884,100.5559195402299,3757,129.55172413793105,3.786445729020249,-3.869725989264261
2020-03-01,602.4193548387096,302.5806451612903,66.56567456781323,158.32258064516128,241.48387096774192,3.8051005946340832,401.5183870967742,316.1989247311828,85.3194193548387,3278,105.74193548387096,25.922942676869365,-12.895117129410938
2020-04-01,504.9,400.1,55.79005524861879,133.73333333333332,204.9,3.7759328909827734,330.83366666666666,266.4111111111111,64.42272222222223,2339,77.96666666666667,52.72935487975572,-24.64143023967418
2020-05-01,547.8387096774194,357.16129032258067,60.53466405275352,146.96774193548387,226.93548387096774,3.727454548662138,359.8048387096774,289.5860215053763,70.21918279569894,2834,91.41935483870968,29.421390999415564,-14.5745480947297
2020-06-01,587.3,317.7,64.89502762430939,154.4,235.9,3.8045644443373283,390.116,308.2944444444445,81.82130555555555,3128,104.26666666666667,15.303653520445181,-8.510668236375663
2020-07-01,615.0,290.0,67.95580110497238,162.0,247.90322580645162,3.7962866907689063,411.61870967741936,322.3655913978494,89.25337634408602,3577,115.38709677419355,0.807355909396712,-2.6743580297479697
2020-08-01,626.6129032258065,278.38709677419354,69.23899483158083,165.61290322580646,253.70967741935485,3.7842756721723805,422.12,328.8225806451613,93.29825806451612,3688,118.96774193548387,1.6130931355233802,-0.914924791107441
2020-09-01,635.9,269.1,70.26519337016575,166.0,252.16666666666666,3.830851242411292,430.67333333333335,332.1666666666667,98.50665555555557,3758,125.26666666666667,-1.584786053882714,-1.8117428905810584
2020-10-01,655.0322580645161,249.96774193548387,72.37925503475316,170.3548387096774,258.5806451612903,3.846150886188498,436.758064516129,342.5430107526882,94.21503225806454,3791,122.29032258064517,-8.241563055062173,-0.3602324032542459
2020-11-01,657.5,247.5,72.65193370165747,170.63333333333333,258.93333333333334,3.8543143592706506,434.07099999999997,343.93888888888887,90.13185555555556,3447,114.9,-8.738938053097344,-2.072092328956887
2020-12-01,643.5483870967741,261.4516129032258,71.11031901621814,172.03225806451613,265.96774193548384,3.742377562009828,429.1341935483871,338.8763440860215,90.25754838709678,3563,114.93548387096774,0.4337050805452325,-4.513020827725711
2021-01-01,685.1612903225806,219.83870967741936,75.70842986989841,182.61290322580646,281.741935483871,3.7528974707372043,456.35322580645163,360.3279569892473,96.02525806451612,3796,122.45161290322581,-1.7728452003459183,-1.1548856084023118
2021-02-01,646.8571428571429,258.14285714285717,71.4759273875296,169.10714285714286,257.7142857142857,3.82576960409446,430.7332142857143,338.72023809523813,92.01291071428568,3270,116.78571428571429,6.716220344160484,-3.88970197059495
2021-03-01,647.741935483871,257.258064516129,71.57369452860452,166.4516129032258,251.0,3.8925274452732594,421.6554838709677,338.19354838709677,83.46144086021505,3290,106.12903225806451,-14.978678038379535,5.015236517509747
2021-04-01,615.6,289.4,68.02209944751381,163.96666666666667,252.86666666666667,3.7552758279733145,413.16433333333333,323.3777777777778,89.7872,3428,114.26666666666667,-27.668082979255193,24.88581875484257
2021-05-01,625.7741935483871,279.2258064516129,69.14631972910355,164.93548387096774,252.4516129032258,3.7946374812161716,418.63,327.8763440860215,90.75364516129034,3560,114.83870967741936,-21.820809248554916,16.349185714477834
2021-06-01,619.2666666666667,285.73333333333335,68.42725598526704,159.76666666666668,241.16666666666666,3.876589781129225,408.065,322.8777777777778,85.1874666666667,3288,109.6,-10.061903263036399,4.600939207825361
2021-07-01,656.0967741935484,248.90322580645162,72.49688112635893,170.3548387096774,258.258064516129,3.8519727262164194,436.13129032258064,342.9139784946237,93.2177204301075,3744,120.7741935483871,-14.171301446051165,5.955166776644205
2021-08-01,670.6451612903226,234.3548387096774,74.10443771163786,174.6451612903226,265.258064516129,3.840418827177803,444.31612903225806,350.73118279569894,93.5855860215054,3694,119.16129032258064,-15.816917728852841,5.2582509789296905
2021-09-01,697.4666666666667,207.53333333333333,77.06813996316758,182.8,278.8,3.8159447295927507,462.7316666666667,364.88888888888886,97.84291111111112,3793,126.43333333333334,-22.87873157438376,7.443770220275225
2021-10-01,674.0967741935484,230.90322580645162,74.48583140260203,176.0,268.16129032258067,3.831917507904495,452.57903225806456,352.43010752688167,100.1486451612903,3907,126.03225806451613,-7.626790553619822,3.622364193655603
2021-11-01,654.8666666666667,250.13333333333333,72.36095764272561,169.7,257.3333333333333,3.860163049813982,430.48466666666667,342.08888888888885,88.39511111111113,3436,114.53333333333333,1.063973063973056,-0.8262089228106229
2021-12-01,685.0645161290323,219.93548387096774,75.69773658884334,179.96774193548387,275.19354838709677,3.8066657479567207,451.7951612903226,359.1505376344086,92.64448387096776,3677,118.61290322580645,-15.879086983343615,5.2806250544983335
2022-01-01,699.0322580645161,205.96774193548387,77.24113348779184,182.3548387096774,277.9032258064516,3.8341467939721543,457.4258064516129,367.02688172043014,90.39837096774195,3551,114.54838709677419,-6.309611151870875,0.23503299297729097
2022-02-01,675.8571428571429,229.14285714285714,74.68034727703237,178.35714285714286,273.2857142857143,3.7895312226544164,453.9214285714285,354.51190476190476,99.40999404761905,3515,125.53571428571429,-11.23408965135585,5.3834284231289775
2022-03-01,660.3225806451613,244.67741935483872,72.96382106576367,173.1290322580645,264.06451612903226,3.8150035614805535,443.8093548387097,345.18279569892474,98.62698387096773,3930,126.7741935483871,-4.890282131661438,5.254021782038842
2022-04-01,631.2,273.8,69.74585635359115,163.63333333333333,247.73333333333332,3.8583687893481384,426.81166666666667,328.56111111111113,98.25053333333334,3745,124.83333333333333,-5.3904630269523075,3.303124745359587
2022-05-01,636.5806451612904,268.4193548387097,70.34040278025307,162.0,242.4516129032258,3.93021158071444,428.0603225806451,329.6505376344086,98.4094193548387,3959,127.70967741935483,-3.8701478743068396,2.252662871902422
2022-06-01,657.2,247.8,72.61878453038675,166.3,248.13333333333333,3.952072554484522,437.55333333333334,340.55,97.0032777777778,3786,126.2,-13.275781614559035,7.226381417993055
2022-07-01,630.6129032258065,274.38709677419354,69.68098378185707,161.51612903225808,242.61290322580646,3.904234727582599,423.0158064516129,327.3225806451613,95.69308064516127,3809,122.87096774193549,10.238465526179352,-3.007232950716976
2022-08-01,650.7741935483871,254.2258064516129,71.90875066833006,164.0,243.32258064516128,3.969326015038804,432.5577419354839,336.88709677419354,95.67036559139783,3831,123.58064516129032,8.479008947006195,-2.646401138393184
2022-09-01,639.7666666666667,265.23333333333335,70.69244935543277,161.16666666666666,239.53333333333333,3.9704654613426587,428.3066666666667,330.28333333333336,98.02300000000001,3819,127.3,27.80276260841632,-7.439516782584576
2022-10-01,639.1612903225806,265.83870967741933,70.62555694172163,162.0,241.58064516129033,3.9459040991369827,430.49967741935484,330.60752688172045,99.89219892473119,4019,129.6451612903226,15.129924559932938,-4.878563359099653
2022-11-01,677.3666666666667,227.63333333333333,74.84714548802945,172.13333333333333,257.1666666666667,3.9354884195529234,453.3743333333333,351.0944444444445,102.27968888888886,3990,133.0,-8.995202558635395,5.317185126222057
2022-12-01,671.6451612903226,233.3548387096774,74.21493494920692,171.48387096774192,257.258064516129,3.916638807071075,446.0767741935484,348.60215053763443,97.47363440860214,3917,126.35483870967742,6.101496039894383,-1.2657034839511305
2023-01-01,680.8709677419355,224.1290322580645,75.23436107645696,171.74193548387098,255.80645161290323,3.964599724756627,446.3451612903226,352.71505376344084,93.62987634408604,3784,122.06451612903226,8.817541111981209,-2.422391785729394
2023-02-01,693.0357142857143,211.96428571428572,76.5785319652723,174.10714285714286,258.32142857142856,3.9801500983409093,457.4875,358.63095238095235,98.85676190476191,3525,125.89285714285714,-7.496882793017456,0.7856142504209407
2023-03-01,674.8709677419355,230.1290322580645,74.5713776510426,170.32258064516128,253.41935483870967,3.9628028584149595,448.14838709677423,349.22580645161287,98.92248924731183,3939,127.06451612903226,-5.945945945945952,0.9776793144978813
2023-04-01,662.1,242.9,73.16022099447514,167.9,251.06666666666666,3.9448096205749907,439.3566666666667,343.01666666666665,96.3403888888889,3753,125.1,-11.28560993425859,2.939235494187531
2023-05-01,656.0967741935484,248.90322580645162,72.49688112635893,166.74193548387098,249.3548387096774,3.934184584366707,441.98129032258066,339.5537634408602,102.42751075268816,4082,131.67741935483872,-7.270760725874304,3.252104202980144
2023-06-01,635.7333333333333,269.26666666666665,70.24677716390424,163.1,245.16666666666666,3.898379599610041,426.6763333333334,329.85555555555555,96.82110000000002,3775,125.83333333333333,8.662900188323896,-2.485868389377288
2023-07-01,655.741935483871,249.25806451612902,72.45767242915701,167.0,250.0,3.9268654624157278,440.06129032258065,339.55913978494624,100.50239247311828,4065,131.1290322580645,-9.158241241476606,4.029514644842824
2023-08-01,656.5806451612904,248.41935483870967,72.55034753163429,167.3548387096774,250.5483870967742,3.9237905227034666,438.7174193548387,340.1344086021506,98.58382795698928,3907,126.03225806451613,-2.28397411496003,1.4240127553360349
2023-09-01,656.8333333333334,248.16666666666666,72.57826887661142,167.73333333333332,251.43333333333334,3.91685216586563,444.03700000000003,340.53333333333336,103.50421666666666,4006,133.53333333333333,-6.4345858992082565,3.67268001120693
2023-10-01,657.0,248.0,72.59668508287294,167.32258064516128,250.3548387096774,3.9268779528741113,441.36064516129034,340.3709677419355,100.98958602150537,4106,132.4516129032258,-6.7103506855964,2.5228747689294284
2023-11-01,695.4,209.6,76.83977900552486,175.46666666666667,261.26666666666665,3.9641332198773753,466.00333333333333,359.6333333333333,106.37002222222222,4147,138.23333333333332,-7.922096939522627,2.7855568944867626
2023-12-01,700.5806451612904,204.41935483870967,77.41222598467297,179.41935483870967,269.5806451612903,3.9057825635487373,472.59,363.747311827957,108.84227419354836,4338,139.93548387096774,-12.399778822228368,5.943646327335528
2024-01-01,714.6129032258065,190.38709677419354,78.96275173765817,180.6451612903226,269.2258064516129,3.956073198242879,472.9054838709677,370.6290322580645,102.27673655913979,4112,132.6451612903226,-15.054691997697178,5.950624064986587
2024-02-01,691.8620689655172,213.13793103448276,76.44884739950466,174.24137931034483,259.13793103448273,3.971864630675957,460.1458620689655,357.74712643678157,102.3985977011494,3831,132.10344827586206,0.5536995613397933,0.581078623780007
2024-03-01,682.5483870967741,222.4516129032258,75.41971128141151,175.09677419354838,263.93548387096774,3.898524621443047,458.83645161290326,354.3279569892473,104.50804838709678,4165,134.3548387096774,-3.3361368096439636,2.384938744367515
2024-04-01,684.3,220.7,75.61325966850829,175.46666666666667,263.93333333333334,3.9004848582828986,460.59066666666666,354.78333333333336,105.80707222222223,4111,137.03333333333333,-9.139563606422406,4.832975486886126
2024-05-01,660.5483870967741,244.4516129032258,72.98877205489218,170.16129032258064,257.03225806451616,3.8816738251133036,441.9483870967742,343.4462365591398,98.5022634408602,3898,125.74193548387096,-1.788491446345264,-0.00744448385642249
2024-06-01,663.0333333333333,241.96666666666667,73.2633517495396,167.86666666666667,250.03333333333333,3.950607019490896,442.8793333333333,343.41111111111115,99.46776666666668,3874,129.13333333333333,-10.138648180242626,3.7974920880698537
2024-07-01,666.5806451612904,238.41935483870967,73.65531990732491,167.96774193548387,249.7741935483871,3.969076215101811,441.40516129032255,344.5161290322581,96.88930645161291,3877,125.06451612903226,-4.348388766662358,0.3053826812980498
2024-08-01,670.2903225806451,234.70967741935485,74.06522901443593,171.93548387096774,258.64516129032256,3.8987447242321127,448.86290322580646,347.0430107526882,101.8198817204301,4098,132.19354838709677,-5.518763796909488,2.3125327200108403
2024-09-01,669.4,235.6,73.96685082872928,169.8,253.5,3.9426422030366877,451.56666666666666,346.31111111111113,105.25594444444442,4047,134.9,-5.063801208865004,1.6957295600741995
2024-10-01,679.6129032258065,225.38709677419354,75.09534842274105,170.70967741935485,253.48387096774192,3.981674764101385,454.69193548387096,351.1612903225806,103.53070967741935,4193,135.25806451612902,-9.118106139438087,3.020498195462995
2024-11-01,644.3,260.7,71.19337016574585,161.53333333333333,239.3,3.9897270832419,427.57399999999996,332.63888888888886,94.93542777777776,3630,121.0,24.37977099236641,-8.246579065958048
2024-12-01,651.7096774193549,253.29032258064515,72.01211905186241,165.2258064516129,246.41935483870967,3.9447345263561115,436.03677419354835,336.81720430107526,99.22015053763441,4022,129.74193548387098,23.90721161432856,-7.73465917739512
