month,mean_occupied_beds,mean_free_beds,mean_occupancy_pct,mean_nurses_min,mean_nurses_max,mean_evs_hours,occupied_clean_hours,discharge_clean_hours,mean_appointments_per_day
2017-01-01,654.5483870967741,250.4516129032258,72.32578862947781,175.74193548387098,271.258064516129,454.09967741935486,342.7204301075269,111.37997311827958,144.25806451612902
2017-02-01,659.8928571428571,245.10714285714286,72.91633780584057,180.0,280.7857142857143,458.05249999999995,346.5178571428571,111.5350119047619,143.46428571428572
2017-03-01,650.3870967741935,254.61290322580646,71.86597754410978,176.32258064516128,273.741935483871,451.0567741935484,340.81720430107526,110.23809139784947,139.5483870967742
2017-04-01,643.7,261.3,71.12707182320442,172.56666666666666,266.6,442.06233333333336,337.48333333333335,104.57901666666667,134.9
2017-05-01,611.4516129032259,293.5483870967742,67.56371413295312,162.06451612903226,248.7741935483871,408.90774193548384,320.0537634408602,88.85350000000001,112.09677419354838
2017-06-01,628.5,276.5,69.4475138121547,164.8,251.2,421.31566666666663,328.0,93.31574999999997,121.03333333333333
2017-07-01,609.1290322580645,295.8709677419355,67.30707538763144,164.09677419354838,254.0,419.84967741935486,319.2204301075269,100.62904838709677,128.74193548387098
2017-08-01,613.6451612903226,291.35483870967744,67.80609517020139,163.51612903225808,251.67741935483872,421.1732258064516,320.40322580645164,100.77056451612906,129.67741935483872
2017-09-01,613.8666666666667,291.1333333333333,67.8305709023941,166.53333333333333,259.06666666666666,428.42833333333334,320.68888888888887,107.73858333333334,139.33333333333334
2017-10-01,626.3225806451613,278.6774193548387,69.2069149884156,168.5483870967742,260.2903225806452,433.9683870967742,327.51075268817203,106.45712903225804,136.4516129032258
2017-11-01,615.5666666666667,289.43333333333334,68.0184162062615,165.2,255.13333333333333,428.87666666666667,322.01666666666665,106.86109444444445,137.03333333333333
2017-12-01,601.5483870967741,303.4516129032258,66.46943503831758,162.16129032258064,251.19354838709677,420.8677419354839,314.2204301075269,106.64665053763443,138.48387096774192
2018-01-01,668.8064516129032,236.19354838709677,73.9012653715915,180.90322580645162,280.7741935483871,463.11290322580646,350.10215053763443,113.01058064516128,147.58064516129033
2018-02-01,672.7142857142857,232.28571428571428,74.33307024467244,179.96428571428572,277.39285714285717,463.2732142857143,351.57738095238096,111.69547619047619,143.96428571428572
2018-03-01,651.7741935483871,253.2258064516129,72.01924790589912,175.74193548387098,272.1290322580645,446.5964516129032,342.0483870967742,104.54819892473115,131.09677419354838
2018-04-01,631.4,273.6,69.76795580110497,168.06666666666666,258.3666666666667,432.7816666666667,330.28333333333336,102.49846666666667,132.9
2018-05-01,605.2258064516129,299.7741935483871,66.87577971841027,162.70967741935485,251.67741935483872,413.90258064516127,317.0483870967742,96.854,122.83870967741936
2018-06-01,598.8,306.2,66.1657458563536,159.0,244.73333333333332,400.349,313.7611111111111,86.58794999999999,111.46666666666667
2018-07-01,609.483870967742,295.51612903225805,67.34628408483336,163.6451612903226,253.06451612903226,420.0845161290323,318.8279569892473,101.25668279569892,129.8709677419355
2018-08-01,599.8387096774194,305.16129032258067,66.28052040634468,161.48387096774192,249.67741935483872,411.98322580645157,314.1774193548387,97.80690322580645,126.48387096774194
2018-09-01,607.0,298.0,67.07182320441989,165.5,257.53333333333336,428.4816666666667,318.3277777777778,110.15348333333334,141.4
2018-10-01,618.5806451612904,286.4193548387097,68.35145250400998,169.09677419354838,264.06451612903226,432.7174193548387,324.8763440860215,107.8404677419355,138.8709677419355
2018-11-01,634.8666666666667,270.1333333333333,70.15101289134438,171.46666666666667,266.26666666666665,441.384,332.71666666666664,108.6668388888889,139.43333333333334
2018-12-01,617.0322580645161,287.96774193548384,68.18036000712885,168.38709677419354,262.7096774193548,430.6932258064516,323.81182795698925,106.88164516129032,137.67741935483872
2019-01-01,662.258064516129,242.74193548387098,73.17768668686509,181.38709677419354,283.9032258064516,460.83354838709676,347.752688172043,113.07963440860213,145.6451612903226
2019-02-01,671.9285714285714,233.07142857142858,74.24625098658248,183.07142857142858,286.0,466.2064285714286,352.625,113.58149999999999,145.92857142857142
2019-03-01,664.7096774193549,240.29032258064515,73.44858314026021,181.29032258064515,283.06451612903226,460.9596774193548,349.27419354838713,111.68533870967741,143.06451612903226
2019-04-01,643.0333333333333,261.96666666666664,71.05340699815838,172.83333333333334,267.73333333333335,439.01266666666663,336.53333333333336,102.47922222222222,130.9
2019-05-01,629.0322580645161,275.96774193548384,69.50632685795757,166.93548387096774,256.93548387096774,421.1916129032258,329.1182795698925,92.07249999999998,117.06451612903226
2019-06-01,629.4666666666667,275.53333333333336,69.55432780847146,167.76666666666668,258.3666666666667,426.406,329.2611111111111,97.14471666666665,124.9
2019-07-01,617.3225806451613,287.6774193548387,68.21243985029407,165.4516129032258,255.29032258064515,422.9293548387097,322.73655913978496,100.19306451612901,127.96774193548387
2019-08-01,631.0322580645161,273.96774193548384,69.72732133309572,167.74193548387098,258.0,426.01774193548385,330.0376344086022,95.98013978494622,125.09677419354838
2019-09-01,631.5666666666667,273.43333333333334,69.78637200736648,170.0,262.8,438.62,330.0,108.61955555555558,139.4
2019-10-01,632.5806451612904,272.4193548387097,69.89841382997683,170.6451612903226,264.51612903225805,438.3370967741936,331.3763440860215,106.96120967741938,137.09677419354838
2019-11-01,633.8,271.2,70.03314917127072,173.06666666666666,270.3,443.2556666666667,332.4611111111111,110.79433333333334,142.53333333333333
2019-12-01,644.6774193548387,260.3225806451613,71.23507396186062,176.25806451612902,275.2903225806452,449.41645161290324,338.5,110.91717204301078,143.2258064516129
2020-01-01,681.1935483870968,223.80645161290323,75.27000534664053,178.5483870967742,272.0,461.6851612903226,355.5053763440861,106.17886559139785,132.8709677419355
2020-02-01,663.1034482758621,241.89655172413794,73.27109925700132,176.3793103448276,271.48275862068965,448.1655172413793,347.60919540229884,100.5559195402299,129.55172413793105
2020-03-01,602.4193548387096,302.5806451612903,66.56567456781323,158.32258064516128,241.48387096774192,401.5183870967742,316.1989247311828,85.3194193548387,105.74193548387096
2020-04-01,504.9,400.1,55.79005524861879,133.73333333333332,204.9,330.83366666666666,266.4111111111111,64.42272222222223,77.96666666666667
2020-05-01,547.8387096774194,357.16129032258067,60.53466405275352,146.96774193548387,226.93548387096774,359.8048387096774,289.5860215053763,70.21918279569894,91.41935483870968
2020-06-01,587.3,317.7,64.89502762430939,154.4,235.9,390.116,308.2944444444445,81.82130555555555,104.26666666666667
2020-07-01,615.0,290.0,67.95580110497238,162.0,247.90322580645162,411.61870967741936,322.3655913978494,89.25337634408602,115.38709677419355
2020-08-01,626.6129032258065,278.38709677419354,69.23899483158083,165.61290322580646,253.70967741935485,422.12,328.8225806451613,93.29825806451612,118.96774193548387
2020-09-01,635.9,269.1,70.26519337016575,166.0,252.16666666666666,430.67333333333335,332.1666666666667,98.50665555555557,125.26666666666667
2020-10-01,655.0322580645161,249.96774193548387,72.37925503475316,170.3548387096774,258.5806451612903,436.758064516129,342.5430107526882,94.21503225806454,122.29032258064517
2020-11-01,657.5,247.5,72.65193370165747,170.63333333333333,258.93333333333334,434.07099999999997,343.93888888888887,90.13185555555556,114.9
2020-12-01,643.5483870967741,261.4516129032258,71.11031901621814,172.03225806451613,265.96774193548384,429.1341935483871,338.8763440860215,90.25754838709678,114.93548387096774
2021-01-01,685.1612903225806,219.83870967741936,75.70842986989841,182.61290322580646,281.741935483871,456.35322580645163,360.3279569892473,96.02525806451612,122.45161290322581
2021-02-01,646.8571428571429,258.14285714285717,71.4759273875296,169.10714285714286,257.7142857142857,430.7332142857143,338.72023809523813,92.01291071428568,116.78571428571429
2021-03-01,647.741935483871,257.258064516129,71.57369452860452,166.4516129032258,251.0,421.6554838709677,338.19354838709677,83.46144086021505,106.12903225806451
2021-04-01,615.6,289.4,68.02209944751381,163.96666666666667,252.86666666666667,413.16433333333333,323.3777777777778,89.7872,114.26666666666667
2021-05-01,625.7741935483871,279.2258064516129,69.14631972910355,164.93548387096774,252.4516129032258,418.63,327.8763440860215,90.75364516129034,114.83870967741936
2021-06-01,619.2666666666667,285.73333333333335,68.42725598526704,159.76666666666668,241.16666666666666,408.065,322.8777777777778,85.1874666666667,109.6
2021-07-01,656.0967741935484,248.90322580645162,72.49688112635893,170.3548387096774,258.258064516129,436.13129032258064,342.9139784946237,93.2177204301075,120.7741935483871
2021-08-01,670.6451612903226,234.3548387096774,74.10443771163786,174.6451612903226,265.258064516129,444.31612903225806,350.73118279569894,93.5855860215054,119.16129032258064
2021-09-01,697.4666666666667,207.53333333333333,77.06813996316758,182.8,278.8,462.7316666666667,364.88888888888886,97.84291111111112,126.43333333333334
2021-10-01,674.0967741935484,230.90322580645162,74.48583140260203,176.0,268.16129032258067,452.57903225806456,352.43010752688167,100.1486451612903,126.03225806451613
2021-11-01,654.8666666666667,250.13333333333333,72.36095764272561,169.7,257.3333333333333,430.48466666666667,342.08888888888885,88.39511111111113,114.53333333333333
2021-12-01,685.0645161290323,219.93548387096774,75.69773658884334,179.96774193548387,275.19354838709677,451.7951612903226,359.1505376344086,92.64448387096776,118.61290322580645
2022-01-01,699.0322580645161,205.96774193548387,77.24113348779184,182.3548387096774,277.9032258064516,457.4258064516129,367.02688172043014,90.39837096774195,114.54838709677419
2022-02-01,675.8571428571429,229.14285714285714,74.68034727703237,178.35714285714286,273.2857142857143,453.9214285714285,354.51190476190476,99.40999404761905,125.53571428571429
2022-03-01,660.3225806451613,244.67741935483872,72.96382106576367,173.1290322580645,264.06451612903226,443.8093548387097,345.18279569892474,98.62698387096773,126.7741935483871
2022-04-01,631.2,273.8,69.74585635359115,163.63333333333333,247.73333333333332,426.81166666666667,328.56111111111113,98.25053333333334,124.83333333333333
2022-05-01,636.5806451612904,268.4193548387097,70.34040278025307,162.0,242.4516129032258,428.0603225806451,329.6505376344086,98.4094193548387,127.70967741935483
2022-06-01,657.2,247.8,72.61878453038675,166.3,248.13333333333333,437.55333333333334,340.55,97.0032777777778,126.2
2022-07-01,630.6129032258065,274.38709677419354,69.68098378185707,161.51612903225808,242.61290322580646,423.0158064516129,327.3225806451613,95.69308064516127,122.87096774193549
2022-08-01,650.7741935483871,254.2258064516129,71.90875066833006,164.0,243.32258064516128,432.5577419354839,336.88709677419354,95.67036559139783,123.58064516129032
2022-09-01,639.7666666666667,265.23333333333335,70.69244935543277,161.16666666666666,239.53333333333333,428.3066666666667,330.28333333333336,98.02300000000001,127.3
2022-10-01,639.1612903225806,265.83870967741933,70.62555694172163,162.0,241.58064516129033,430.49967741935484,330.60752688172045,99.89219892473119,129.6451612903226
2022-11-01,677.3666666666667,227.63333333333333,74.84714548802945,172.13333333333333,257.1666666666667,453.3743333333333,351.0944444444445,102.27968888888886,133.0
2022-12-01,671.6451612903226,233.3548387096774,74.21493494920692,171.48387096774192,257.258064516129,446.0767741935484,348.60215053763443,97.47363440860214,126.35483870967742
2023-01-01,680.8709677419355,224.1290322580645,75.23436107645696,171.74193548387098,255.80645161290323,446.3451612903226,352.71505376344084,93.62987634408604,122.06451612903226
2023-02-01,693.0357142857143,211.96428571428572,76.5785319652723,174.10714285714286,258.32142857142856,457.4875,358.63095238095235,98.85676190476191,125.89285714285714
2023-03-01,674.8709677419355,230.1290322580645,74.5713776510426,170.32258064516128,253.41935483870967,448.14838709677423,349.22580645161287,98.92248924731183,127.06451612903226
2023-04-01,662.1,242.9,73.16022099447514,167.9,251.06666666666666,439.3566666666667,343.01666666666665,96.3403888888889,125.1
2023-05-01,656.0967741935484,248.90322580645162,72.49688112635893,166.74193548387098,249.3548387096774,441.98129032258066,339.5537634408602,102.42751075268816,131.67741935483872
2023-06-01,635.7333333333333,269.26666666666665,70.24677716390424,163.1,245.16666666666666,426.6763333333334,329.85555555555555,96.82110000000002,125.83333333333333
2023-07-01,655.741935483871,249.25806451612902,72.45767242915701,167.0,250.0,440.06129032258065,339.55913978494624,100.50239247311828,131.1290322580645
2023-08-01,656.5806451612904,248.41935483870967,72.55034753163429,167.3548387096774,250.5483870967742,438.7174193548387,340.1344086021506,98.58382795698928,126.03225806451613
2023-09-01,656.8333333333334,248.16666666666666,72.57826887661142,167.73333333333332,251.43333333333334,444.03700000000003,340.53333333333336,103.50421666666666,133.53333333333333
2023-10-01,657.0,248.0,72.59668508287294,167.32258064516128,250.3548387096774,441.36064516129034,340.3709677419355,100.98958602150537,132.4516129032258
2023-11-01,695.4,209.6,76.83977900552486,175.46666666666667,261.26666666666665,466.00333333333333,359.6333333333333,106.37002222222222,138.23333333333332
2023-12-01,700.5806451612904,204.41935483870967,77.41222598467297,179.41935483870967,269.5806451612903,472.59,363.747311827957,108.84227419354836,139.93548387096774
2024-01-01,714.6129032258065,190.38709677419354,78.96275173765817,180.6451612903226,269.2258064516129,472.9054838709677,370.6290322580645,102.27673655913979,132.6451612903226
2024-02-01,691.8620689655172,213.13793103448276,76.44884739950466,174.24137931034483,259.13793103448273,460.1458620689655,357.74712643678157,102.3985977011494,132.10344827586206
2024-03-01,682.5483870967741,222.4516129032258,75.41971128141151,175.09677419354838,263.93548387096774,458.83645161290326,354.3279569892473,104.50804838709678,134.3548387096774
2024-04-01,684.3,220.7,75.61325966850829,175.46666666666667,263.93333333333334,460.59066666666666,354.78333333333336,105.80707222222223,137.03333333333333
2024-05-01,660.5483870967741,244.4516129032258,72.98877205489218,170.16129032258064,257.03225806451616,441.9483870967742,343.4462365591398,98.5022634408602,125.74193548387096
2024-06-01,663.0333333333333,241.96666666666667,73.2633517495396,167.86666666666667,250.03333333333333,442.8793333333333,343.41111111111115,99.46776666666668,129.13333333333333
2024-07-01,666.5806451612904,238.41935483870967,73.65531990732491,167.96774193548387,249.7741935483871,441.40516129032255,344.5161290322581,96.88930645161291,125.06451612903226
2024-08-01,670.2903225806451,234.70967741935485,74.06522901443593,171.93548387096774,258.64516129032256,448.86290322580646,347.0430107526882,101.8198817204301,132.19354838709677
2024-09-01,669.4,235.6,73.96685082872928,169.8,253.5,451.56666666666666,346.31111111111113,105.25594444444442,134.9
2024-10-01,679.6129032258065,225.38709677419354,75.09534842274105,170.70967741935485,253.48387096774192,454.69193548387096,351.1612903225806,103.53070967741935,135.25806451612902
2024-11-01,644.3,260.7,71.19337016574585,161.53333333333333,239.3,427.57399999999996,332.63888888888886,94.93542777777776,121.0
2024-12-01,651.7096774193549,253.29032258064515,72.01211905186241,165.2258064516129,246.41935483870967,436.03677419354835,336.81720430107526,99.22015053763441,129.74193548387098
