date,room_id,room_state,occupied,patient_id,care_category,total_los_days,elapsed_los_days,remaining_los_days,dirty_state
2017-01-02,ROOM-01,occupied,True,INITIAL-01,newborn,2.0776627973528936,1.2311330606561601,0.8465297366967335,
2017-01-02,ROOM-02,needs_cleaning,False,,,,,,True
2017-01-02,ROOM-03,occupied,True,INITIAL-02,non_elective_other,3.5362962057034912,3.4829908838819854,0.053305321821505824,
2017-01-02,ROOM-04,occupied,True,INITIAL-03,delivery,1.8059934751187965,0.7216397617784096,1.0843537133403869,
2017-01-02,ROOM-05,occupied,True,INITIAL-04,elective,3.5223129483438798,1.6852098775035995,1.8371030708402802,
2017-01-02,ROOM-06,occupied,True,INITIAL-05,non_elective_other,7.721809412503437,0.5670732686829789,7.154736143820458,
2017-01-02,ROOM-07,available,False,,,,,,False
2017-01-02,ROOM-08,available,False,,,,,,False
2017-01-02,ROOM-09,occupied,True,INITIAL-06,other_viral,6.443604405015919,1.7504478008562414,4.693156604159678,
2017-01-02,ROOM-10,occupied,True,INITIAL-07,non_elective_other,8.46405844014801,5.031583885896492,3.4324745542515185,
