date,room_id,ending_state,available_hours,occupied_hours,discharge_pending_hours,needs_cleaning_hours,cleaning_hours,admissions,discharges,cleans_started,cleans_completed,unnecessary_checks
2017-01-02,ROOM-01,needs_cleaning,0.0,20.3167136807216,0.0,3.6832863192783973,0.0,0,1,0,0,0
2017-01-02,ROOM-02,occupied,6.753371918707197,9.56638888888889,0.0,7.0,0.6802391924039142,1,0,1,1,5
2017-01-02,ROOM-03,available,15.88194394271465,1.2793277237161391,0.0,6.4009114686877755,0.4378168648814362,0,1,1,1,5
2017-01-02,ROOM-04,occupied,0.0,24.0,0.0,0.0,0.0,0,0,0,0,0
2017-01-02,ROOM-05,occupied,0.0,24.0,0.0,0.0,0.0,0,0,0,0,0
2017-01-02,ROOM-06,occupied,0.0,24.0,0.0,0.0,0.0,0,0,0,0,0
2017-01-02,ROOM-07,available,24.0,0.0,0.0,0.0,0.0,0,0,0,0,6
2017-01-02,ROOM-08,available,24.0,0.0,0.0,0.0,0.0,0,0,0,0,6
2017-01-02,ROOM-09,occupied,0.0,24.0,0.0,0.0,0.0,0,0,0,0,0
2017-01-02,ROOM-10,occupied,0.0,24.0,0.0,0.0,0.0,0,0,0,0,0
2017-01-03,ROOM-01,occupied,3.0236611007041803,13.109722222222224,0.0,7.0,0.8666166770735951,1,0,1,1,3
2017-01-03,ROOM-02,occupied,0.0,24.0,0.0,0.0,0.0,0,0,0,0,0
2017-01-03,ROOM-03,occupied,5.543611111111109,18.456388888888892,0.0,0.0,0.0,1,0,0,0,0
2017-01-03,ROOM-04,occupied,9.058903640441292,7.680322453502617,0.0,5.84212755690431,1.418646349151781,1,1,1,1,5
2017-01-03,ROOM-05,needs_cleaning,0.0,20.09047370016672,0.0,3.9095262998332827,0.0,0,1,0,0,0
2017-01-03,ROOM-06,occupied,0.0,24.0,0.0,0.0,0.0,0,0,0,0,0
2017-01-03,ROOM-07,occupied,23.42972222222222,0.5702777777777783,0.0,0.0,0.0,1,0,0,0,6
2017-01-03,ROOM-08,available,24.0,0.0,0.0,0.0,0.0,0,0,0,0,6
2017-01-03,ROOM-09,occupied,0.0,24.0,0.0,0.0,0.0,0,0,0,0,0
2017-01-03,ROOM-10,occupied,0.0,24.0,0.0,0.0,0.0,0,0,0,0,0
2017-01-04,ROOM-01,occupied,0.0,24.0,0.0,0.0,0.0,0,0,0,0,0
2017-01-04,ROOM-02,occupied,0.0,24.0,0.0,0.0,0.0,0,0,0,0,0
2017-01-04,ROOM-03,occupied,0.0,24.0,0.0,0.0,0.0,0,0,0,0,0
2017-01-04,ROOM-04,occupied,0.0,24.0,0.0,0.0,0.0,0,0,0,0,0
2017-01-04,ROOM-05,occupied,2.561995577823965,13.716111111111111,0.0,7.0,0.7218933110649232,1,0,1,1,3
2017-01-04,ROOM-06,occupied,0.0,24.0,0.0,0.0,0.0,0,0,0,0,0
2017-01-04,ROOM-07,occupied,0.0,24.0,0.0,0.0,0.0,0,0,0,0,0
2017-01-04,ROOM-08,occupied,13.204722222222214,10.795277777777786,0.0,0.0,0.0,1,0,0,0,6
2017-01-04,ROOM-09,occupied,0.0,24.0,0.0,0.0,0.0,0,0,0,0,0
2017-01-04,ROOM-10,occupied,0.0,24.0,0.0,0.0,0.0,0,0,0,0,0
2017-01-05,ROOM-01,occupied,0.0,24.0,0.0,0.0,0.0,0,0,0,0,0
2017-01-05,ROOM-02,occupied,0.0,24.0,0.0,0.0,0.0,0,0,0,0,0
2017-01-05,ROOM-03,occupied,0.0,24.0,0.0,0.0,0.0,0,0,0,0,0
2017-01-05,ROOM-04,occupied,0.0,24.0,0.0,0.0,0.0,0,0,0,0,0
2017-01-05,ROOM-05,occupied,0.0,24.0,0.0,0.0,0.0,0,0,0,0,0
2017-01-05,ROOM-06,occupied,0.0,24.0,0.0,0.0,0.0,0,0,0,0,0
2017-01-05,ROOM-07,available,11.259302035356056,11.767963506531926,0.0,0.23203649346807348,0.7406979646439443,0,1,1,1,0
2017-01-05,ROOM-08,occupied,0.0,24.0,0.0,0.0,0.0,0,0,0,0,0
2017-01-05,ROOM-09,occupied,0.0,24.0,0.0,0.0,0.0,0,0,0,0,0
2017-01-05,ROOM-10,occupied,0.0,23.042215207203448,0.0,0.620610697963563,0.33717409483298677,1,1,1,1,0
2017-01-06,ROOM-01,occupied,0.5750514828768246,22.24490502986332,0.0,0.42676163680334867,0.7532818504565058,1,1,1,1,1
2017-01-06,ROOM-02,needs_cleaning,0.0,22.905627825592713,0.0,1.094372174407287,0.0,0,1,0,0,0
2017-01-06,ROOM-03,occupied,0.0,24.0,0.0,0.0,0.0,0,0,0,0,0
2017-01-06,ROOM-04,occupied,0.0,24.0,0.0,0.0,0.0,0,0,0,0,0
2017-01-06,ROOM-05,occupied,0.0,24.0,0.0,0.0,0.0,0,0,0,0,0
2017-01-06,ROOM-06,occupied,0.0,24.0,0.0,0.0,0.0,0,0,0,0,0
2017-01-06,ROOM-07,occupied,21.321111111111108,2.678888888888893,0.0,0.0,0.0,1,0,0,0,6
2017-01-06,ROOM-08,occupied,0.0,24.0,0.0,0.0,0.0,0,0,0,0,0
2017-01-06,ROOM-09,needs_cleaning,0.0,16.635758499832264,0.0,7.364241500167736,0.0,0,1,0,0,0
2017-01-06,ROOM-10,occupied,0.0,24.0,0.0,0.0,0.0,0,0,0,0,0
2017-01-07,ROOM-01,occupied,0.0,24.0,0.0,0.0,0.0,0,0,0,0,0
2017-01-07,ROOM-02,occupied,0.0,15.846022070698034,0.0,7.0,1.1539779293019667,1,0,1,1,0
2017-01-07,ROOM-03,occupied,0.0,24.0,0.0,0.0,0.0,0,0,0,0,0
2017-01-07,ROOM-04,occupied,0.0,24.0,0.0,0.0,0.0,0,0,0,0,0
2017-01-07,ROOM-05,needs_cleaning,0.0,15.690645752265148,0.0,8.309354247734852,0.0,0,1,0,0,0
2017-01-07,ROOM-06,occupied,0.0,24.0,0.0,0.0,0.0,0,0,0,0,0
2017-01-07,ROOM-07,needs_cleaning,0.0,20.42218467259457,0.0,3.57781532740543,0.0,0,1,0,0,0
2017-01-07,ROOM-08,occupied,0.0,24.0,0.0,0.0,0.0,0,0,0,0,0
2017-01-07,ROOM-09,available,14.986541054131733,0.0,0.0,8.153977929301966,0.8594810165662996,0,0,1,1,5
2017-01-07,ROOM-10,occupied,0.0,24.0,0.0,0.0,0.0,0,0,0,0,0
2017-01-08,ROOM-01,occupied,0.0,24.0,0.0,0.0,0.0,0,0,0,0,0
2017-01-08,ROOM-02,occupied,0.0,24.0,0.0,0.0,0.0,0,0,0,0,0
2017-01-08,ROOM-03,occupied,0.0,24.0,0.0,0.0,0.0,0,0,0,0,0
2017-01-08,ROOM-04,occupied,0.0,24.0,0.0,0.0,0.0,0,0,0,0,0
2017-01-08,ROOM-05,available,16.158351005026635,0.0,0.0,7.0,0.8416489949733659,0,0,1,1,5
2017-01-08,ROOM-06,occupied,0.0,24.0,0.0,0.0,0.0,0,0,0,0,0
2017-01-08,ROOM-07,available,15.056086975071805,0.0,0.0,7.841648994973366,1.102264029954828,0,0,1,1,5
2017-01-08,ROOM-08,occupied,0.0,24.0,0.0,0.0,0.0,0,0,0,0,0
2017-01-08,ROOM-09,available,24.0,0.0,0.0,0.0,0.0,0,0,0,0,6
2017-01-08,ROOM-10,needs_cleaning,0.0,16.28991822574123,0.0,7.710081774258772,0.0,0,1,0,0,0
