date,patient_id,source_key,arrival_time,arrival_time_minutes,care_category,total_los_days
2017-01-02,key-2-other_viral-0011,2,14:26:01,866.0166666666667,other_viral,4.353000696436734
2017-01-03,key-3-intensive-0015,3,05:32:37,1772.6166666666666,intensive,7.150009340643902
2017-01-03,key-3-non_elective_other-0016,3,10:53:25,2093.4166666666665,non_elective_other,2.9867900243924526
2017-01-03,key-3-influenza-0016,3,18:20:39,2540.65,influenza,14.305871890575714
2017-01-03,key-3-newborn-0010,3,23:25:47,2845.7833333333333,newborn,1.5140933868462378
2017-01-04,key-4-influenza-0002,4,10:17:02,3497.0333333333333,influenza,3.2252815359740112
2017-01-04,key-4-intensive-0018,4,13:12:17,3672.2833333333333,intensive,19.582076013292866
2017-01-04,key-4-other_viral-0003,4,14:17:37,3737.616666666667,other_viral,3.2063643387878438
2017-01-06,key-6-newborn-0007,6,12:19:42,6499.7,newborn,3.6394472316407924
2017-01-06,key-6-newborn-0009,6,21:19:16,7039.266666666666,newborn,0.9625447317284774
2017-01-07,key-7-other_viral-0012,7,01:17:00,7277.0,other_viral,10.423056853218668
